<?xml version="1.0" encoding="UTF-8"?>
<suppressions xmlns="https://jeremylong.github.io/DependencyCheck/dependency-suppression.1.2.xsd"
              xmlns:xsi="http://www.w3.org/2001/XMLSchema-instance"
              xsi:schemaLocation="https://jeremylong.github.io/DependencyCheck/dependency-suppression.1.2.xsd https://jeremylong.github.io/DependencyCheck/dependency-suppression.1.2.xsd">

    <!-- Suppress known Spring Boot and related CVEs -->
    <suppress>
        <cve>CVE-2018-1199</cve>
        <cve>CVE-2019-3778</cve>
        <cve>CVE-2020-5398</cve>
        <cve>CVE-2021-22060</cve>
        <cve>CVE-2022-22965</cve>
        <cve>CVE-2022-22950</cve>
        <cve>CVE-2023-20883</cve>
        <cve>CVE-2023-20860</cve>
        <cve>CVE-2023-20873</cve>
        <cve>CVE-2023-20861</cve>
        <cve>CVE-2023-34034</cve>
    </suppress>

    <!-- Suppress Jackson CVEs -->
    <suppress>
        <cve>CVE-2020-36518</cve>
        <cve>CVE-2022-42003</cve>
        <cve>CVE-2022-42004</cve>
    </suppress>

    <!-- Suppress Tomcat CVEs -->
    <suppress>
        <cve>CVE-2020-13943</cve>
        <cve>CVE-2021-24122</cve>
        <cve>CVE-2022-34305</cve>
        <cve>CVE-2023-28708</cve>
        <cve>CVE-2023-46589</cve>
    </suppress>

</suppressions>

